"","Tree","B_mean","G_mean","R_mean","RE_mean","NIR_mean","TIR_mean","B_median","G_median","R_median","RE_median","NIR_median","TIR_median","B_sd","G_sd","R_sd","RE_sd","NIR_sd","TIR_sd","B_min","G_min","R_min","RE_min","NIR_min","TIR_min","B_max","G_max","R_max","RE_max","NIR_max","TIR_max","date","image_name"
"1","Beech1",0.0132810062121755,0.0600507674180435,0.0149562472895142,0.174710535453271,0.424183046432652,27.6821644967372,0.0134587725624442,0.0619249306619167,0.01528100669384,0.180099785327911,0.435323297977448,27.7099990844727,0.00412052085998575,0.0164025598402985,0.00517524321817322,0.043862794667464,0.0737977463296361,0.416754709211348,0.00299360509961843,0.014013921841979,0.00268936064094305,0.0539320297539234,0.216204166412354,26.3199996948242,0.0290347523987293,0.105832129716873,0.0409105829894543,0.270376205444336,0.581155359745026,28.5,2024-05-15,"20240515_saillon_Ortho.tif"
"2","Beech2",0.0120965105383337,0.0450812817003259,0.0143998992437374,0.128642228652531,0.290161478663973,26.0947753452285,0.0133257606066763,0.0513623934239149,0.0153906065970659,0.14602317661047,0.325324043631554,26.1800003051758,0.00529557753571083,0.0230621454830842,0.00658698804502834,0.0647423293287921,0.117723786655421,0.721075595438534,0.00163494737353176,0.0043748733587563,0.00172907789237797,0.0149921542033553,0.0567004308104515,24.6399993896484,0.0269292760640383,0.0901331529021263,0.0436991564929485,0.247050330042839,0.506054282188416,27.2999992370605,2024-05-15,"20240515_saillon_Ortho.tif"
"3","Oak1",0.0124637573803068,0.0498673859496717,0.0155693367890406,0.143776948287131,0.330200779658236,26.8682134859616,0.0126603562384844,0.0525007043033838,0.015755582600832,0.152755439281464,0.349532172083855,26.8899993896484,0.00277143974016471,0.0115620624972416,0.00436894968683728,0.0354053009227391,0.0694353199089398,0.108148231414532,0.00346875446848571,0.0128585919737816,0.00351857370696962,0.03342479839921,0.0916623696684837,26.3600006103516,0.022571275010705,0.0742910206317902,0.0311804469674826,0.219610795378685,0.454526722431183,27.3700008392334,2024-05-15,"20240515_saillon_Ortho.tif"
"4","Oak2",0.010178175548961,0.0471100168823675,0.0128306242008042,0.14119668200586,0.341967924827566,26.5757202822012,0.010161513928324,0.048786973580718,0.0128128319047391,0.147164024412632,0.35328683257103,26.5400009155273,0.00250977937296278,0.0108252118934349,0.00355758725412444,0.0295159551415474,0.0621389674113941,0.170738577433456,0.00321457488462329,0.0124881472438574,0.00347969657741487,0.0412082746624947,0.10498420894146,26.1599998474121,0.0217237677425146,0.0809737741947174,0.0270407740026712,0.221305191516876,0.516223549842834,26.9400005340576,2024-05-15,"20240515_saillon_Ortho.tif"
"5","Beech1",0.0129637773429921,0.0536333568779426,0.0155213595578938,0.182602139719415,0.480063230591527,22.7256749478221,0.012949775904417,0.0547780375927687,0.0152281946502626,0.189031980931759,0.514376521110535,22.6700000762939,0.00466111882944241,0.0185364795754522,0.00627176672665543,0.0637158775243282,0.134625148927613,0.326481984444823,0.00161365699023008,0.00595849007368088,0.0017420204821974,0.0275849401950836,0.122976243495941,21.6100063323975,0.0283292885869741,0.0907431319355965,0.0405422560870647,0.328661054372787,0.755908191204071,23.8999977111816,2024-05-25,"20240525_saillon_Ortho.tif"
"6","Beech2",0.0171438221488211,0.0697887453282157,0.0230076313592528,0.228227781582347,0.497655808775063,22.8024315398862,0.0168947773054242,0.0713342614471912,0.0222656140103936,0.234530881047249,0.510343492031097,22.8999996185303,0.00494897749250987,0.0193685174555513,0.00803898659563289,0.0602552751811491,0.0997462201498837,0.491196619719675,0.00393384182825685,0.0134604554623365,0.00470469100400805,0.056768786162138,0.186697199940681,21.4300022125244,0.0433438122272491,0.126815482974052,0.0846792161464691,0.374883204698563,0.718296885490417,23.9999923706055,2024-05-25,"20240525_saillon_Ortho.tif"
"7","Oak1",0.0111737140155254,0.0358609183068172,0.0135899719029952,0.107807219550014,0.269848716115722,24.5597037982941,0.011418713722378,0.0387135241180658,0.0139555232599378,0.118211064487696,0.296285539865494,24.5300006866455,0.00316474650022159,0.0113563059503618,0.00414259977661162,0.0359612374821999,0.0774092899319455,0.115361961950836,0.00396744860336185,0.00939571484923363,0.00373815977945924,0.0253083351999521,0.0824031308293343,24.3400001525879,0.0279465094208717,0.0644920095801353,0.0327545069158077,0.18021148443222,0.398781388998032,24.9200000762939,2024-05-25,"20240525_saillon_Ortho.tif"
"8","Oak2",0.00905402115545829,0.0350478877460201,0.0111978704333995,0.107632778409108,0.267045164520033,23.2500217932242,0.0091148167848587,0.0367231257259846,0.0109814242459834,0.113546334207058,0.281105980277061,23.2700004577637,0.00293784595578686,0.0101387695731934,0.00476514958679315,0.0306683739750789,0.0600508352283237,0.262264979788161,0.00247464468702674,0.00926191918551922,0.00246468698605895,0.0242066346108913,0.079237625002861,22.6000003814697,0.0301826223731041,0.0620597563683987,0.0581917203962803,0.186044782400131,0.388877421617508,23.9400005340576,2024-05-25,"20240525_saillon_Ortho.tif"
"9","Beech1",0.0114337080613501,0.0390171498115346,0.0118928163013022,0.126448394732968,0.389645699594094,28.0300368406335,0.0113960020244122,0.0406727585941553,0.0118901715613902,0.132935434579849,0.409016221761703,28.2000007629395,0.00448787070185892,0.0138670283706153,0.00505313754436846,0.0417934058245305,0.094273632017178,0.780994342976413,0.00220602564513683,0.00682297442108393,0.00166893727146089,0.0241993330419064,0.107371285557747,25.3400001525879,0.0349286198616028,0.0805217921733856,0.0378447435796261,0.233136430382729,0.590930819511414,28.9799995422363,2024-06-05,"20240605_saillon_Ortho.tif"
"10","Beech2",0.010926213881953,0.0322758078458955,0.013131671970911,0.0934358942227978,0.226192193625947,26.1262947989123,0.0112313204444945,0.0282837115228176,0.0128570604138076,0.0769595690071583,0.202635109424591,26.1000003814697,0.00600981051078464,0.0218903693119382,0.00857326032680288,0.0669507846114645,0.129976263916833,0.418363824203059,0.00154276075772941,0.00297783338464797,0.000992613029666245,0.0105990068987012,0.0465041622519493,24.6700077056885,0.0473513677716255,0.0842405334115028,0.0693235844373703,0.259144753217697,0.509290814399719,26.9300003051758,2024-06-05,"20240605_saillon_Ortho.tif"
"11","Oak1",0.0140910946815507,0.0455382535676548,0.016963676227973,0.133463858388626,0.35145290544427,26.4460008136587,0.0147960782051086,0.0493288412690163,0.0178078757598996,0.14432667940855,0.378406599164009,26.3700008392334,0.00437430812868971,0.0149786526837301,0.0063115799009344,0.0429203237829154,0.0898617890764956,0.263460015554942,0.00190842838492244,0.0044865682721138,0.00151472596917301,0.014622263610363,0.0677177086472511,25.9699993133545,0.0258145164698362,0.0747861787676811,0.0360384583473206,0.219769015908241,0.507042646408081,27.5100002288818,2024-06-05,"20240605_saillon_Ortho.tif"
"12","Oak2",0.00891704332938669,0.0282200740164934,0.00983183961016878,0.0829652617155359,0.244669073105145,25.4112269328191,0.00846912758424878,0.0270145963877439,0.00920970644801855,0.0800967179238796,0.241421572864056,25.4400005340576,0.00370569353895332,0.0123350105490772,0.00496597121674572,0.0349061579319142,0.0789548265184645,0.148520631295509,0.00186313770245761,0.00497710751369596,0.00108507624827325,0.017176141962409,0.0623912923038006,24.8600006103516,0.023449644446373,0.0622555539011955,0.0311154536902905,0.169964015483856,0.442858099937439,25.7099990844727,2024-06-05,"20240605_saillon_Ortho.tif"
"13","Beech1",0.011203667857913,0.0385953214306704,0.0122616022620429,0.125399160711972,0.39838200601327,23.9814456168251,0.0109136225655675,0.0388034544885159,0.0119038093835115,0.126376941800117,0.399667978286743,23.9400005340576,0.00345001172366356,0.0103646118502804,0.00417026397906128,0.0298403871948846,0.0630900319218129,0.235065762064273,0.00263054645620286,0.00953086744993925,0.00264894356951118,0.0388274528086185,0.190754294395447,23.6200008392334,0.0327759012579918,0.0737854987382889,0.0309111177921295,0.226554289460182,0.666633665561676,24.7900009155273,2024-06-13,"20240613_saillon_Ortho.tif"
"14","Beech2",0.014239380615196,0.0498840161377334,0.0169112005743529,0.149785277295201,0.359025280309116,21.4960505372997,0.013640689663589,0.0490433238446712,0.0160602293908596,0.147979587316513,0.359128832817078,21.5599994659424,0.0042766457542455,0.0135994844448124,0.00563330379817528,0.0362445463656859,0.0634316825379407,0.333864850882287,0.00235344213433564,0.00446464167907834,0.00314945611171424,0.0221387520432472,0.0922167301177979,20.1100006103516,0.0397673808038235,0.107499875128269,0.0476846061646938,0.282432347536087,0.563737571239471,22.2900009155273,2024-06-13,"20240613_saillon_Ortho.tif"
"15","Oak1",0.0130368443594601,0.0355707370973407,0.015560332231331,0.102096287876081,0.307761584190795,21.25806157699,0.0127608058974147,0.0355109963566065,0.0149602121673524,0.10165623575449,0.316686794161797,21.2399997711182,0.00497933764499892,0.0149436071788455,0.00638163377185153,0.0425756580564468,0.10184550601969,0.101745500434018,0.00352755771018565,0.0071937614120543,0.00420859502628446,0.0208279639482498,0.0792223215103149,20.9599990844727,0.0333085767924786,0.0787224695086479,0.0418868847191334,0.228914320468903,0.538658976554871,21.6100006103516,2024-06-13,"20240613_saillon_Ortho.tif"
"16","Oak2",0.0118567031253935,0.0368502680848021,0.013800258947416,0.107424020450684,0.315950700719675,21.1437218755419,0.0116683589294553,0.0369566343724728,0.0134523673914373,0.108023710548878,0.319047018885612,21.1900005340576,0.00315075735209139,0.00856968266435358,0.0042303917434658,0.0225659362989968,0.0551337047074836,0.206418922812481,0.00398751022294164,0.0114375399425626,0.00405512982979417,0.0385930277407169,0.151680007576942,20.3500003814697,0.0334066115319729,0.0795112624764442,0.0588686875998974,0.22112625837326,0.46432563662529,21.7700004577637,2024-06-13,"20240613_saillon_Ortho.tif"
"17","Beech1",0.0118227219913869,0.033158802431829,0.012436444371346,0.104593708145398,0.353742427683496,30.8079379943022,0.0113257872872055,0.0326321627944708,0.0119327558204532,0.103769883513451,0.35471136868,30.8099994659424,0.00610120637364306,0.0161989731439141,0.00699222685070364,0.0452306181476409,0.0987274934368496,0.210683940642458,0.00198837742209435,0.00584631878882647,0.00127551017794758,0.0215087532997131,0.10341053456068,30.3700008392334,0.0350157208740711,0.0826008096337318,0.0388055443763733,0.232524797320366,0.62803727388382,31.4499969482422,2024-09-24,"20240924_saillon_Ortho.tif"
"18","Beech2",0.0163028446115023,0.0550225708725319,0.0190831347307773,0.158479968044994,0.368019551723047,29.6941218051432,0.0158269824460149,0.0558801125735044,0.01826789136976,0.162660919129848,0.386492118239403,29.8699998855591,0.00731805817206042,0.0225699472468114,0.00959332852806065,0.0634592859009028,0.1202214162336,0.650019924620213,0.00123758788686246,0.00272344728000462,0.000903135805856436,0.0092652328312397,0.0368375293910503,28.4500007629395,0.071197971701622,0.122962661087513,0.0909215956926346,0.324629217386246,0.636661410331726,31.0400009155273,2024-09-24,"20240924_saillon_Ortho.tif"
"19","Oak1",0.0169986667021563,0.0453699642941816,0.0200749635490127,0.126304299437381,0.368598246539773,31.7714124491185,0.0165453879162669,0.0440547596663237,0.0187591295689344,0.124184835702181,0.372972682118416,31.7600002288818,0.00590873930154694,0.0161661091166762,0.00851018063744135,0.0425959888130614,0.0895181192587278,0.164523902069079,0.00578609807416797,0.01428990252316,0.00454990100115538,0.038611114025116,0.095537431538105,31.2700004577637,0.0393176339566708,0.103176906704903,0.0513924956321716,0.263072371482849,0.583733916282654,32.310001373291,2024-09-24,"20240924_saillon_Ortho.tif"
"20","Oak2",0.0126529203044126,0.0340090809364389,0.0138073033660388,0.0994168439832089,0.308528128797971,31.1223567681288,0.0125248990952969,0.0349426716566086,0.0132831102237105,0.101769782602787,0.317868828773499,31.1499938964844,0.00542647716030692,0.014395681484459,0.00687486070023629,0.0388605210005177,0.0906808223518022,0.251683160409133,0.00287504424341023,0.00737094786018133,0.00190775794908404,0.0244310777634382,0.0761309266090393,30.4600162506104,0.0290147084742785,0.0843910798430443,0.0489240437746048,0.21088670194149,0.550917685031891,31.7199993133545,2024-09-24,"20240924_saillon_Ortho.tif"
"21","Beech1",0.0149240271233972,0.0435274339942079,0.0161042068527975,0.142810147039446,0.46692583343562,24.615317662557,0.0146546033211052,0.0434579197317362,0.0159003930166364,0.14326436817646,0.464317843317986,24.5900001525879,0.0039656220318001,0.00988572414008345,0.00484590003283978,0.0308257896091944,0.0804575965782297,0.198332188056272,0.00491021061316133,0.0169357266277075,0.00411599082872272,0.064440593123436,0.274822384119034,24.1900005340576,0.0286183059215546,0.0787293761968613,0.0372559353709221,0.233182311058044,0.683549523353577,25.1599979400635,2024-07-04,"20240704_saillon_Ortho.tif"
"22","Beech2",0.0197141987449182,0.0750356208932277,0.0257465564313661,0.217373756912208,0.435914250364007,25.6968424650686,0.0202772626653314,0.0767706744372845,0.026391638442874,0.222292579710484,0.444908872246742,25.75,0.00482308574330722,0.0173834471485025,0.0074709612360019,0.0473430854106911,0.0720082384108792,0.334426299031909,0.00521597266197205,0.0205636285245419,0.00426618661731482,0.0583056546747684,0.159276023507118,24.7800064086914,0.0346103757619858,0.118993490934372,0.0537125617265701,0.331332087516785,0.636025607585907,26.4899978637695,2024-07-04,"20240704_saillon_Ortho.tif"
"23","Oak1",0.0185912694597545,0.0463295465195551,0.0226799526864376,0.133934166919297,0.405910153328799,25.5400576708867,0.0190733103081584,0.0476907975971699,0.0228920476511121,0.139369986951351,0.427115350961685,25.5599994659424,0.00509969200673497,0.0128275133340978,0.00749187933429587,0.0358494759527938,0.09386308455991,0.257689678933801,0.00418583489954472,0.00929272174835205,0.00459877075627446,0.0246775802224874,0.0809384435415268,23.7100124359131,0.0353305786848068,0.0843088179826736,0.0537982434034348,0.248600706458092,0.609733045101166,26.1800003051758,2024-07-04,"20240704_saillon_Ortho.tif"
"24","Oak2",0.0150777083760265,0.0455278944430161,0.0172068060314937,0.138964326671851,0.415274598553385,26.1344838701616,0.0155048873275518,0.047146238386631,0.0177320688962936,0.143891111016273,0.424402356147766,26.0900001525879,0.0038947188665056,0.0118641932643945,0.00531481091831639,0.0343020171695822,0.0823815944871273,0.240794730018154,0.0031946103554219,0.00969528220593929,0.00297518935985863,0.0304424408823252,0.104663781821728,25.6599998474121,0.0265482030808926,0.0707483440637589,0.0465637072920799,0.212384045124054,0.61403900384903,26.6599998474121,2024-07-04,"20240704_saillon_Ortho.tif"
"25","Beech1",0.00952262395855916,0.0274315919230382,0.0102287187484805,0.0862387076516946,0.278015846306202,28.9278118664611,0.00952075934037566,0.0280487546697259,0.0102151064202189,0.0881197825074196,0.281756043434143,28.8700008392334,0.00284225460797289,0.00692090140683798,0.0034030864354492,0.0209361357935068,0.0477750477551266,0.280328902345101,0.00223425542935729,0.00685624219477177,0.00214040512219071,0.0208628475666046,0.109992034733295,28.4699993133545,0.020299106836319,0.0552552454173565,0.0229622982442379,0.16117051243782,0.395469397306442,29.7000007629395,2024-07-11,"20240711_saillon_Ortho.tif"
"26","Beech2",0.0120741823546842,0.0423884596302255,0.0165497299923951,0.121318161899814,0.26241182421991,28.3917503518573,0.0119205373339355,0.0413178578019142,0.0156888579949737,0.119647953659296,0.263345092535019,28.5300006866455,0.00328154580554288,0.0103157731868608,0.00596042829017478,0.0279876588702273,0.048350535309952,0.355106503397358,0.0031898885499686,0.0120391873642802,0.0041838432662189,0.0261720716953278,0.077359639108181,27.3800010681152,0.0247231442481279,0.0851511880755424,0.054784182459116,0.196255907416344,0.427423596382141,29.5699825286865,2024-07-11,"20240711_saillon_Ortho.tif"
"27","Oak1",0.0115773044925076,0.0280699367566894,0.0139447312443875,0.0777057951996819,0.233186362974632,30.605423113016,0.0119762271642685,0.0292314412072301,0.0144645096734166,0.0816982500255108,0.246602296829224,30.5699996948242,0.0031824381752049,0.00748618061771937,0.00474215982721921,0.0226826090153521,0.0561922395203979,0.193768401675014,0.00339733925648034,0.00798077788203955,0.00321948551572859,0.0172619968652725,0.0557571724057198,30.0600128173828,0.0201406721025705,0.0467587374150753,0.0284304041415453,0.132451683282852,0.343361765146255,31.3699893951416,2024-07-11,"20240711_saillon_Ortho.tif"
"28","Oak2",0.0101755690896216,0.0286835278879921,0.0115331087352813,0.0857241369882282,0.255306570206611,29.0404452464266,0.0103706256486475,0.0295282592996955,0.011903865262866,0.0885363779962063,0.260998979210854,29.0400009155273,0.00232421033770717,0.00558330537560016,0.00302305084544148,0.0181209221387994,0.0471215546087758,0.111023610911597,0.00322404317557812,0.00866806972771883,0.00304545159451663,0.0152943078428507,0.0524437129497528,28.7000026702881,0.0164629705250263,0.0423211380839348,0.0263729374855757,0.133050218224525,0.362120807170868,29.4399948120117,2024-07-11,"20240711_saillon_Ortho.tif"
"29","Beech1",0.0165272027807196,0.0463571746810815,0.0167854608993559,0.143334799852906,0.477461766582363,34.0464040250194,0.0162073727697134,0.0466344747692347,0.0163333425298333,0.144891947507858,0.478061333298683,34.0999984741211,0.00484762223413811,0.0118953774978651,0.00560387305827985,0.0339297303754604,0.0854070865823794,0.185920208833022,0.00392438191920519,0.0109415128827095,0.00323371170088649,0.0370805785059929,0.204075276851654,33.5200004577637,0.0331721603870392,0.0889770463109016,0.040277186781168,0.248540982604027,0.719649195671082,34.3899993896484,2024-07-19,"20240719_saillon_Ortho.tif"
"30","Beech2",0.0187784468502512,0.0610453191667918,0.021029270190001,0.163528079422666,0.386823705344685,33.0762745372036,0.0188702270388603,0.0626613274216652,0.0209079068154097,0.171158745884895,0.406420350074768,33.1500015258789,0.00531122624906914,0.0193733587087422,0.00647021486729044,0.0508534341332453,0.0974075202904787,0.320198131085936,0.00360345956869423,0.0102346250787377,0.00315970974043012,0.0217926967889071,0.0709988698363304,32.3899993896484,0.0424508824944496,0.130968049168587,0.0487927906215191,0.306110829114914,0.606018126010895,33.6699981689453,2024-07-19,"20240719_saillon_Ortho.tif"
"31","Oak1",0.0173215008777333,0.0399549013919507,0.0177911904838402,0.106979653413873,0.349637885605916,33.751908364296,0.0171303860843182,0.039717948064208,0.0169740049168468,0.107037559151649,0.35288955271244,33.7400016784668,0.00640310111635522,0.0146934709991848,0.00791287266337974,0.041811214857033,0.112178128521794,0.107194763521394,0.00467096129432321,0.0112881595268846,0.00381137523800135,0.0265660900622606,0.108965814113617,33.560001373291,0.0388184934854507,0.0850885957479477,0.0452886037528515,0.233906283974648,0.617948412895203,34.0800018310547,2024-07-19,"20240719_saillon_Ortho.tif"
"32","Oak2",0.0172892999354665,0.04462149477267,0.0174624571441293,0.125308625325502,0.368875002365682,33.6179551973448,0.0172578562051058,0.0442689023911953,0.0173918101936579,0.124603021889925,0.368825882673264,33.6199989318848,0.0048731963341341,0.0127138890944218,0.00622768061808029,0.0383025134022628,0.0877321051388984,0.171166772536236,0.00494533404707909,0.0137622458860278,0.00372034171596169,0.0283411722630262,0.0940369814634323,32.9199981689453,0.0348097607493401,0.0847330093383789,0.0460459850728512,0.226292550563812,0.582254827022552,34.3800010681152,2024-07-19,"20240719_saillon_Ortho.tif"
"33","Beech1",0.0109335919640179,0.0308108785103367,0.0113945503766766,0.0928968364098838,0.296245148262883,29.0337202362463,0.0107420706190169,0.0307247238233685,0.0112771615386009,0.0940225943922997,0.299966409802437,28.9899997711182,0.00451715648951749,0.012283807856839,0.00515231639917793,0.0346653323411264,0.0757051512788959,0.283731721134662,0.00179954397026449,0.00574567681178451,0.00146625656634569,0.0194020941853523,0.100883811712265,27.7500076293945,0.0246835481375456,0.0663806051015854,0.0272070057690144,0.194014549255371,0.507444322109222,29.9499912261963,2024-07-26,"20240726_saillon_Ortho.tif"
"34","Beech2",0.0149411291979153,0.0469464185976955,0.0171693141304006,0.123814983762734,0.28003567468375,29.1555749647958,0.0159211540594697,0.0508913900703192,0.0182369854301214,0.134987533092499,0.307482376694679,29.1100006103516,0.00586874400069558,0.0199887326163756,0.00762243262918177,0.0541194811166741,0.0999953356128952,0.414128886172901,0.00180087657645345,0.00438092648983002,0.00123218190856278,0.0120484456419945,0.0357168167829514,27.7900066375732,0.0339761786162853,0.0891696959733963,0.0724972859025002,0.234718903899193,0.451738208532333,30.2299995422363,2024-07-26,"20240726_saillon_Ortho.tif"
"35","Oak1",0.0166271739028161,0.03895453546041,0.0183792210013295,0.102738992428252,0.301806775070727,29.1300166018804,0.0173697946593165,0.0402628425508738,0.019133479334414,0.108485445380211,0.316879719495773,29.1399993896484,0.00444838817618506,0.0105778735795059,0.00608474713594197,0.0334919750297685,0.0862100853209456,0.116284160711982,0.0054928120225668,0.0124605800956488,0.00349376117810607,0.0228996183723211,0.0794106796383858,28.8400001525879,0.0254754535853863,0.0609700158238411,0.035040557384491,0.175242945551872,0.504558444023132,30.5599880218506,2024-07-26,"20240726_saillon_Ortho.tif"
"36","Oak2",0.0146417150807501,0.0380912048020298,0.0157474003376856,0.104771603460089,0.291377072692478,28.5826971306711,0.0157947018742561,0.0415339171886444,0.0168575905263424,0.11470852792263,0.31529700756073,28.5900020599365,0.00505934994471522,0.0124873734067792,0.00627846596623364,0.0358506058385151,0.0848900823192996,0.22000175215272,0.00126028177328408,0.00448974687606096,0.00111498241312802,0.00841500144451857,0.0320421382784843,28.0400009155273,0.0271777547895908,0.0667002201080322,0.0396921150386333,0.185230359435081,0.462911486625671,29.8499851226807,2024-07-26,"20240726_saillon_Ortho.tif"
"37","Beech1",0.0159764119902892,0.0420813824331426,0.0162591315957965,0.135496025389555,0.47049393152704,27.6733020603413,0.015493047889322,0.0421048048883677,0.0157995307818055,0.136199317872524,0.468413859605789,27.7099990844727,0.00510586511270829,0.0112614581463474,0.00595673095082193,0.0349100218183101,0.0852115062560109,0.259133512947415,0.00328904530033469,0.00984710175544024,0.00278183096088469,0.0337589681148529,0.181054770946503,27.0699996948242,0.033087469637394,0.0819369032979012,0.0414987467229366,0.253967434167862,0.734890401363373,28.1599998474121,2024-08-06,"20240806_saillon_Ortho.tif"
"38","Beech2",0.0167925376525148,0.0525285849169263,0.0189689116137269,0.144835073725132,0.360642723412367,26.4530650067666,0.0170808266848326,0.0550458319485188,0.0190254766494036,0.153335601091385,0.384564518928528,26.3999996185303,0.00601437208716464,0.01970642186818,0.00761529828675672,0.0548063672225842,0.113035338261428,0.331794628550731,0.00203230232000351,0.00564849842339754,0.00186002277769148,0.0151147320866585,0.0576467365026474,25.8500003814697,0.0409395359456539,0.112509086728096,0.104118451476097,0.290958315134048,0.589216530323029,27.6399993896484,2024-08-06,"20240806_saillon_Ortho.tif"
"39","Oak1",0.0186730214157918,0.0434714709563802,0.0199702555317587,0.117494574485657,0.382192539401973,28.2834833725293,0.0183533830568194,0.0434750095009804,0.0194053277373314,0.117444090545177,0.391618177294731,28.2999992370605,0.00600298778220307,0.013718299198933,0.0075085470248273,0.0391203439310273,0.104286491685392,0.122672875471573,0.00568484468385577,0.0128816328942776,0.00472472561523318,0.0297998394817114,0.112031199038029,27.8600006103516,0.0366019643843174,0.0805921405553818,0.0440966859459877,0.21760992705822,0.628027617931366,28.5699996948242,2024-08-06,"20240806_saillon_Ortho.tif"
"40","Oak2",0.0179338679215513,0.0455394295642439,0.0185553688102832,0.12685163992672,0.377478342388685,28.8765538516411,0.0178468450903893,0.04494509100914,0.0181907154619694,0.124837227165699,0.375083148479462,28.9699993133545,0.00584580423932308,0.0143437505005325,0.00747591826732896,0.0399707787931843,0.092797868003032,0.301334401169493,0.00483452063053846,0.0136454124003649,0.00269715860486031,0.0396163389086723,0.154602885246277,27.7000007629395,0.0391354039311409,0.0843942910432816,0.079872652888298,0.237193256616592,0.598617911338806,29.1900005340576,2024-08-06,"20240806_saillon_Ortho.tif"
"41","Beech1",0.013625723260968,0.0368358693783152,0.0145818624085253,0.118942311211508,0.390039353832907,31.2998408095691,0.0140740261413157,0.0379450581967831,0.0150073892436922,0.122939605265856,0.399896681308746,31.2999992370605,0.00457892290059644,0.0118679772990655,0.00583271741158936,0.0377958704974826,0.0812682333847706,0.160964125940721,0.00245308130979538,0.00774500193074346,0.00169272301718593,0.0261094402521849,0.150421947240829,30.75,0.028240917250514,0.0668903142213821,0.0331156961619854,0.215651586651802,0.570896863937378,31.9099998474121,2024-08-13,"20240813_saillon_Ortho.tif"
"42","Beech2",0.0166277930361598,0.0519428828473318,0.0193175948288719,0.142803151879593,0.338703088752014,28.1159804062395,0.0176692884415388,0.0561425723135471,0.0203052675351501,0.156118281185627,0.370156720280647,28.2099990844727,0.00580201259695475,0.0190248951337105,0.0073632674415101,0.0533303131936931,0.106887031724394,0.374797133190559,0.00173664826434106,0.00408028019592166,0.00133694708347321,0.00993867591023445,0.0461065880954266,27.2900009155273,0.0316369086503983,0.095321998000145,0.0434860251843929,0.252593457698822,0.537478685379028,30.1699981689453,2024-08-13,"20240813_saillon_Ortho.tif"
"43","Oak1",0.0179497395980419,0.0427092693795507,0.0199915028595347,0.114411844865096,0.347645312800091,29.6639101659035,0.0186159452423453,0.0454923454672098,0.020830687135458,0.122613355517387,0.367224156856537,29.6950006484985,0.00577969208192583,0.0138010665653072,0.00726625569200063,0.0382265477855438,0.0977041354584538,0.258113913548168,0.0061515374109149,0.0139544894918799,0.00437197601422668,0.0324361957609653,0.116748325526714,29.0499992370605,0.0364787951111794,0.0751505866646767,0.0409225709736347,0.204981803894043,0.545078754425049,36.0099906921387,2024-08-13,"20240813_saillon_Ortho.tif"
"44","Oak2",0.0158626183327777,0.041446634355912,0.0172044852099,0.116412272958269,0.334362356199808,29.6226059316279,0.0167077025398612,0.0430591404438019,0.0177065897732973,0.122166492044926,0.349653363227844,29.6399993896484,0.0054976094649414,0.0140004955257184,0.00743361183437516,0.0402680821136404,0.0890988237794651,0.191431967176725,0.00333650945685804,0.00951332971453667,0.00284031103365123,0.0301825758069754,0.119532570242882,29.1000003814697,0.0355116464197636,0.073805145919323,0.0672529265284538,0.203369721770287,0.536722481250763,30.1800003051758,2024-08-13,"20240813_saillon_Ortho.tif"
"45","Beech1",0.00808170982885973,0.0217183641261789,0.00817510602702933,0.0668747177728464,0.22540038819013,26.635752561952,0.00653932243585587,0.0181406904011965,0.00635245046578348,0.0558136720210314,0.200383134186268,26.4500007629395,0.00551616039672046,0.0142823210088647,0.00628573091418946,0.0428451887381602,0.0942622284561611,0.585351979270959,0.00162892346270382,0.00487293396145105,0.0010011192644015,0.0148746911436319,0.0841114446520805,25.6599998474121,0.0313508175313473,0.0743870139122009,0.0326658673584461,0.195252254605293,0.502289831638336,28.2399997711182,2024-08-20,"20240820_saillon_Ortho.tif"
"46","Beech2",0.00818000205189622,0.0253472697195996,0.00869983397278702,0.0687321111104185,0.177767976213114,26.0683857073103,0.00619661132805049,0.0191798070445657,0.00571697019040585,0.0503352787345648,0.147912308573723,26.2199993133545,0.00541807890596721,0.0173622282300955,0.0071944865599504,0.048946974901519,0.0909812586241057,0.640036883329999,0.00104613101575524,0.00275935884565115,0.000985077931545675,0.00637818686664104,0.0289698764681816,23.8600025177002,0.026900852099061,0.0798041522502899,0.0368059724569321,0.225234016776085,0.462847828865051,27,2024-08-20,"20240820_saillon_Ortho.tif"
"47","Oak1",0.0162838921992208,0.0373405833262344,0.018330492231715,0.0956075119741885,0.268148362241876,27.6137776998039,0.0165157690644264,0.0379608832299709,0.0188276059925556,0.0982627421617508,0.279661983251572,27.6000003814697,0.00543652994595011,0.0126863576592524,0.0071404837489743,0.0363526372693256,0.0906076851939305,0.129041658778951,0.00415846472606063,0.0102909132838249,0.00302602956071496,0.015094505622983,0.0619942024350166,27.2299995422363,0.0319241657853127,0.0687220320105553,0.037815123796463,0.181763887405396,0.471487611532211,28.1900005340576,2024-08-20,"20240820_saillon_Ortho.tif"
"48","Oak2",0.0100863999564443,0.0253839091541629,0.0100046668685893,0.0676839525405823,0.203215926903866,27.3454125589795,0.00779527402482927,0.0194924538955092,0.0071009173989296,0.0502947922796011,0.16655770689249,27.3099994659424,0.00559562580116579,0.0139108883973293,0.00686942219397296,0.0399871499724598,0.0888348995113465,0.311631477936144,0.00244979420676827,0.00643691746518016,0.00125756161287427,0.0145652890205383,0.0651645064353943,26.6000003814697,0.0271558444947004,0.0651077404618263,0.0381906926631927,0.18822056055069,0.44926705956459,27.8999996185303,2024-08-20,"20240820_saillon_Ortho.tif"
"49","Beech1",0.0148391211571219,0.0393995356554788,0.0153744833453518,0.122844256769427,0.395178778172284,30.3616534506763,0.0148953255265951,0.0403129309415817,0.0154480300843716,0.125816881656647,0.400980085134506,30.4699993133545,0.00463653921624194,0.0112420698702614,0.00567348085448825,0.0346652637747272,0.0731498255798284,0.394215078528463,0.00378958997316658,0.0116274384781718,0.00269065028987825,0.0294991582632065,0.140423938632011,29.4599990844727,0.0294808391481638,0.0771250203251839,0.0336734876036644,0.215170323848724,0.580398797988892,31.0699996948242,2024-08-28,"20240828_saillon_Ortho.tif"
"50","Beech2",0.0167947838146632,0.0509396620555536,0.0189913269818205,0.138490417854893,0.3289631511454,28.7578245002345,0.0173269705846906,0.053617874160409,0.0192326661199331,0.147360615432262,0.351649656891823,28.9899959564209,0.00539077307034439,0.0173878755183289,0.00682576774237857,0.0484380354462656,0.0973466533003643,0.551601784803632,0.00238330173306167,0.00515509629622102,0.00188499258365482,0.0110400598496199,0.0453315898776054,27.8600025177002,0.0334565378725529,0.0981175526976585,0.0441766045987606,0.254010766744614,0.537731885910034,29.8399887084961,2024-08-28,"20240828_saillon_Ortho.tif"
"51","Oak1",0.0203115327883279,0.0469233118960013,0.0222386529102611,0.122406280565386,0.352697577895597,28.3823541609446,0.0210801484063268,0.0496433023363352,0.0228210613131523,0.13119762390852,0.37559050321579,28.3400001525879,0.00641485573738887,0.015069954862782,0.0082243823335375,0.0410597792372918,0.0990241446765425,0.168323381488456,0.00547186611220241,0.0122901275753975,0.00476414896547794,0.0309669710695744,0.110045917332172,28.0900020599365,0.0414812453091145,0.0819312855601311,0.0500166267156601,0.216194838285446,0.534075438976288,29.3399906158447,2024-08-28,"20240828_saillon_Ortho.tif"
"52","Oak2",0.0181013144980915,0.0458388861601188,0.018794069412489,0.123904919643857,0.337382781074471,28.2657943365334,0.0186092797666788,0.0471422411501408,0.0189392156898975,0.128766849637032,0.348890125751495,28.2700004577637,0.00578720886723184,0.0144560950436539,0.00769907619727081,0.0406511025240913,0.0858479700655363,0.123769916827005,0.00534202856943011,0.0133116040378809,0.00386154185980558,0.0279714018106461,0.0910654962062836,27.980001449585,0.0339991562068462,0.0793597102165222,0.0795671045780182,0.227433055639267,0.534030199050903,28.6199970245361,2024-08-28,"20240828_saillon_Ortho.tif"
"53","Beech1",0.0100873219889912,0.0267786214329606,0.0106907484547368,0.084970540162556,0.264816910949897,28.2418041377165,0.00888352934271097,0.0223720064386725,0.00902216881513596,0.0691518783569336,0.220159195363522,28.0599994659424,0.00569515761364017,0.0162768118441617,0.00691540789392476,0.0556788020255591,0.140945776192078,0.53896596830456,0.00201863492839038,0.00575214438140392,0.0012536778813228,0.0191254168748856,0.0855515971779823,27.6499996185303,0.032525572925806,0.0865351185202599,0.0430442355573177,0.287380963563919,0.756576359272003,29.4300003051758,2024-09-03,"20240903_saillon_Ortho.tif"
"54","Beech2",0.0156640095959344,0.0468726938654161,0.018344391843182,0.132832077507405,0.310238386178533,25.8608599991826,0.0152511168271303,0.0461025163531303,0.0176983643323183,0.134070321917534,0.318985939025879,26.2900009155273,0.00532712759282764,0.0172797983026798,0.00722971401621166,0.0493539679942661,0.0927609876173507,0.738629073800292,0.00193486898206174,0.00418505119159818,0.00189463107381016,0.00994666386395693,0.0367181934416294,24.4099998474121,0.0379800647497177,0.104309119284153,0.0462594106793404,0.263841599225998,0.56972461938858,26.9099979400635,2024-09-03,"20240903_saillon_Ortho.tif"
"55","Oak1",0.0191650823443585,0.0437334621693784,0.0216309317090781,0.119399528486344,0.331312429200237,29.7214708073934,0.0193941537290812,0.0443531945347786,0.0216790586709976,0.122866362333298,0.345945879817009,29.7900009155273,0.00611904135799196,0.0146982284458239,0.00753646436857163,0.042415216644282,0.101491998199319,0.246214548707709,0.00629212288185954,0.0149184009060264,0.00653595710173249,0.0333392545580864,0.107130102813244,29.2299995422363,0.0379969924688339,0.0774344354867935,0.0427340641617775,0.219376012682915,0.551525354385376,31.2899951934814,2024-09-03,"20240903_saillon_Ortho.tif"
"56","Oak2",0.0118746280788409,0.0290455962140172,0.0123416962355355,0.0772663914800287,0.217733864888865,29.5509498527323,0.0111975301988423,0.0276432884857059,0.0112998466938734,0.0728798508644104,0.210583552718163,29.5100002288818,0.0041119683064106,0.0103809873096985,0.00510379619952998,0.0294605095152002,0.063514264676584,0.638053222273185,0.00337649369612336,0.00934745371341705,0.00283281225711107,0.0181583538651466,0.0539384819567204,28.7399997711182,0.0268654879182577,0.0720292329788208,0.0440027937293053,0.218410402536392,0.477053821086884,31.7800006866455,2024-09-03,"20240903_saillon_Ortho.tif"
"57","Beech1",0.0120402348255145,0.0340829410034386,0.0134588376746343,0.109818991199167,0.346653733416455,17.4417492534061,0.0119032589718699,0.0344595089554787,0.0133924838155508,0.111042536795139,0.358384668827057,17.3799991607666,0.00384190799947334,0.0107815605923112,0.00473232577204408,0.032079009355757,0.0701375686002973,0.277583610545121,0.00215316982939839,0.00853948853909969,0.00321088521741331,0.0298882350325584,0.124753497540951,17.1100006103516,0.0276797469705343,0.0803629383444786,0.0408461950719357,0.211558908224106,0.499148011207581,18.6199760437012,2024-09-13,"20240913_saillon_Ortho.tif"
"58","Beech2",0.0132321929346705,0.0413140026261017,0.0160335395864227,0.120152554065643,0.268389125943445,17.7453472512228,0.0132971038110554,0.0417617298662663,0.0158991049975157,0.124059252440929,0.279062792658806,18.3199996948242,0.00394517252120851,0.013424101300917,0.00542893482048545,0.0392872063433878,0.0694995511086749,0.898885109670336,0.00191305531188846,0.00466581899672747,0.00233289692550898,0.00869084615260363,0.0413044095039368,15.8400058746338,0.0265386532992125,0.0782100036740303,0.0345598012208939,0.220282420516014,0.426863431930542,18.8499889373779,2024-09-13,"20240913_saillon_Ortho.tif"
"59","Oak1",0.0187948112934828,0.0424829696499122,0.0210142471008779,0.115749851441942,0.32184647258992,18.4452833636602,0.0183988325297832,0.0422745291143656,0.0201864698901772,0.117043223232031,0.330030545592308,18.4200000762939,0.00562828870458828,0.0131511803233992,0.00688571777455118,0.0380710126955671,0.0865856142330188,0.107458430218993,0.00726349931210279,0.0175787415355444,0.00751447211951017,0.0360790826380253,0.107779040932655,18.2700004577637,0.0366810373961926,0.0857048034667969,0.043932382017374,0.224284291267395,0.529451131820679,18.7099990844727,2024-09-13,"20240913_saillon_Ortho.tif"
"60","Oak2",0.0170598134909775,0.0432275080685916,0.0189428715236193,0.121502842548407,0.314703977435362,18.3566706834101,0.017158929258585,0.043382678180933,0.0184921342879534,0.122173950076103,0.320465713739395,18.4500007629395,0.00578682225044372,0.0147602456875468,0.00755248624077256,0.0421991540178559,0.0836803335792167,0.33498959537742,0.00327283819206059,0.00826210435479879,0.00347179686650634,0.0210805740207434,0.0641040652990341,17.2700004577637,0.0334196500480175,0.0947171077132225,0.0661311149597168,0.236458286643028,0.501369297504425,18.7000007629395,2024-09-13,"20240913_saillon_Ortho.tif"
"61","Beech1",0.0139835367050061,0.0395891694569339,0.0153952558067006,0.131185734843214,0.397953961808234,24.9432582132022,0.013999187387526,0.0403833277523518,0.0153123568743467,0.133103743195534,0.401888221502304,24.8700008392334,0.00484329859210818,0.0120093268278589,0.00618540045494753,0.0400570636618173,0.0781205420189104,0.369290460389651,0.00278342794626951,0.0091505004093051,0.00192364514805377,0.0319886691868305,0.144037023186684,24.0799999237061,0.0385872162878513,0.0758530423045158,0.0407422222197056,0.259114444255829,0.605586409568787,25.6000003814697,2024-09-20,"20240920_saillon_Ortho.tif"
"62","Beech2",0.0154424355220736,0.0490024370901091,0.0188434914483182,0.141911288337749,0.32689232788065,22.8095438666093,0.0155626400373876,0.050770215690136,0.0190425552427769,0.147168323397636,0.345318958163261,22.8600006103516,0.00570511856588416,0.0179110438033133,0.00779106389334885,0.0538693548418336,0.0990640309108147,0.30028694938512,0.00151922879740596,0.00411244900897145,0.00147694128099829,0.0090699065476656,0.0434247627854347,22.2100009918213,0.0363865718245506,0.106927834451199,0.0427068695425987,0.271088063716888,0.592388391494751,24.9099617004395,2024-09-20,"20240920_saillon_Ortho.tif"
"63","Oak1",0.019214683891239,0.0465390566725807,0.0220477968136501,0.127631204669193,0.348242769532173,24.3991952183979,0.0194897195324302,0.0481586176902056,0.0220979442819953,0.134072370827198,0.362921074032784,24.4400005340576,0.00766816284784348,0.0182887235271588,0.0095323100071676,0.0513331149840614,0.113551033621543,0.130262545820639,0.00404620915651321,0.0104330535978079,0.00387501926161349,0.0298609510064125,0.0961622595787048,24.0100002288818,0.042228814214468,0.0949348211288452,0.0500926040112972,0.252522081136703,0.599153995513916,24.7199993133545,2024-09-20,"20240920_saillon_Ortho.tif"
"64","Oak2",0.0166733559760889,0.0440880850350756,0.0180597804830149,0.122847495078631,0.314719392084685,24.801809304176,0.0166910896077752,0.0441661365330219,0.0174971334636211,0.122832547873259,0.319431558251381,24.8600006103516,0.00694716122696792,0.0177776362844595,0.00905475749180629,0.0518862117550249,0.0989058688824201,0.265029671409718,0.002444077283144,0.0079699931666255,0.0020358138717711,0.0178458597511053,0.0611335597932339,24.0100021362305,0.0351778529584408,0.093870148062706,0.0516146086156368,0.258789271116257,0.551424562931061,25.2399997711182,2024-09-20,"20240920_saillon_Ortho.tif"
"65","Beech1",0.0115056663712037,0.0349191583096453,0.0136680119168708,0.118001258854088,0.343608455849607,22.1524033893997,0.0108800549060106,0.0338076055049896,0.0127758830785751,0.114405013620853,0.337844520807266,22,0.00445707635818875,0.0119719044973613,0.00600604688976093,0.0390011750562228,0.0740587491567138,0.418467853412806,0.00241060904227197,0.00747817009687424,0.00185131642501801,0.0269565526396036,0.131331488490105,21.6800003051758,0.0310746636241674,0.0724175497889519,0.0396241620182991,0.245476484298706,0.575486361980438,23.3099994659424,2024-09-30,"20240930_saillon_Ortho.tif"
"66","Beech2",0.0144960556490134,0.0482417343600179,0.0207253027028453,0.1428130162522,0.322294202669801,22.3349122967636,0.0140533582307398,0.04749895632267,0.0199066186323762,0.14188963919878,0.330644309520721,22.3999996185303,0.00646669965095894,0.0217222682752374,0.0105464820072286,0.0653587637435371,0.123802216117285,0.368849861413233,0.000785634212661535,0.00249628396704793,0.00091234699357301,0.00510662281885743,0.0235056560486555,21.4300022125244,0.0402292981743813,0.111012890934944,0.0839339420199394,0.33293429017067,0.613932073116302,23.0100002288818,2024-09-30,"20240930_saillon_Ortho.tif"
"67","Oak1",0.0123152426593394,0.0310778144261955,0.0149435938909301,0.0856117461319082,0.222643808480352,23.1955833045642,0.0122923944145441,0.0313491020351648,0.0146622145548463,0.0874965600669384,0.230349510908127,23.1900005340576,0.00484112238580154,0.0124783745997112,0.00610039060301414,0.0349119364508951,0.0756369251073514,0.0647468328256374,0.00325672165490687,0.00922382716089487,0.003616166068241,0.0245747286826372,0.0771189481019974,23.0499992370605,0.0291692689061165,0.0717009082436562,0.0365980602800846,0.19065648317337,0.383617401123047,23.4099998474121,2024-09-30,"20240930_saillon_Ortho.tif"
"68","Oak2",0.007939970206457,0.0200896535946221,0.00806491980266732,0.0514588560659338,0.13166756687217,23.1153862881823,0.00774297304451466,0.0193457119166851,0.00760654779151082,0.0489165261387825,0.127467766404152,23.1399993896484,0.00293388745543486,0.00790737617926759,0.00370748514040107,0.0217908308305101,0.0449299937727134,0.443332038343055,0.00134176842402667,0.00383741105906665,0.0012778741074726,0.00841800309717655,0.031382717192173,22,0.0195242967456579,0.0504891574382782,0.0313954874873161,0.144732877612114,0.334827691316605,23.9500007629395,2024-09-30,"20240930_saillon_Ortho.tif"
"69","Beech1",0.0173542245671701,0.0617478936015736,0.055762808358132,0.206534301488324,0.466738022401371,21.943690466232,0.0163583206012845,0.0590206328779459,0.0533005576580763,0.199471466243267,0.455482825636864,21.7900009155273,0.00717571330901604,0.0229278619350561,0.0301114799640925,0.0709948214766146,0.114949704394041,0.505914797516598,0.00340019376017153,0.0177576560527086,0.0060548884794116,0.0607877895236015,0.161478638648987,21.5100002288818,0.0459157153964043,0.148274898529053,0.211178943514824,0.489378780126572,0.915957629680634,23.6599998474121,2024-10-21,"20241021_saillon_Ortho.tif"
"70","Beech2",0.0188505501110506,0.0529073938755651,0.0882955771930782,0.187151962682339,0.398578045046223,21.4304893023627,0.018293609842658,0.0508431885391474,0.0884989686310291,0.188919052481651,0.408134043216705,21.1200008392334,0.0076204571385353,0.0221463955000039,0.0393393902476698,0.0681188545813835,0.118590982805295,0.709900004081071,0.00232949038036168,0.0077682095579803,0.00445463415235281,0.0213050339370966,0.0638905689120293,20.4799995422363,0.0603309571743011,0.156936168670654,0.227933943271637,0.476702809333801,0.820947647094727,22.9699993133545,2024-10-21,"20241021_saillon_Ortho.tif"
"71","Oak1",0.0295572375557683,0.0775530699854518,0.0515688690784922,0.209234006392195,0.475221206761421,22.2887404421543,0.0290588438510895,0.0776704959571362,0.0496568195521832,0.213622264564037,0.489287421107292,22.3099994659424,0.0107018981227499,0.0264726144869262,0.0201974249053573,0.0695641557939891,0.138454127447013,0.152278628654715,0.00844389293342829,0.0258932262659073,0.0124753592535853,0.0768154934048653,0.181778714060783,21.2199993133545,0.0763237997889519,0.155626252293587,0.142898336052895,0.408392578363419,0.838781297206879,22.6200008392334,2024-10-21,"20241021_saillon_Ortho.tif"
"72","Oak2",0.0254728138637605,0.0726083676642161,0.0359184330722589,0.204555277790132,0.473558241691516,21.8588383134156,0.0255703618749976,0.0715627148747444,0.0344683509320021,0.198089860379696,0.466728881001472,21.9300003051758,0.0104710764993123,0.0298442928580235,0.0181838166185109,0.0838467686650142,0.14948851311891,0.190629457898133,0.00422448711469769,0.0160124413669109,0.00711612682789564,0.0401818826794624,0.106696806848049,21.3299999237061,0.0555437728762627,0.174884557723999,0.109867423772812,0.489225596189499,0.853098332881927,22.2000007629395,2024-10-21,"20241021_saillon_Ortho.tif"
"73","Pine1",0.0165286551228177,0.0321661861344344,0.0194979393841433,0.0715870358038043,0.163940330859688,22.5563745425996,0.0171662764623761,0.0333198551088572,0.0197294354438782,0.0735799297690392,0.167501345276833,22.6000003814697,0.00452554284337698,0.00861095153015072,0.00534290395465709,0.0200645275188607,0.0456933160566712,0.284424370363407,0.00444233836606145,0.00882297474890947,0.005935899913311,0.0210970379412174,0.0477060303092003,21.9200000762939,0.0300169065594673,0.053735539317131,0.0391582809388638,0.125063225626945,0.272696912288666,23.3700008392334,2024-06-13,"20240613_lens_Ortho.tif"
"74","Pine2",0.0154041156067721,0.0335268709417603,0.0193418814373267,0.0799688008368608,0.189826647759533,22.3533767771068,0.0151869943365455,0.0336821228265762,0.018812901340425,0.0809443332254887,0.193458639085293,22.4799938201904,0.00342627277535459,0.00608386843599942,0.0050748095359586,0.0144359227668955,0.0300755741947856,0.359552255718166,0.00559314992278814,0.0106113292276859,0.00780597422271967,0.0260406509041786,0.0793104693293571,21.4300003051758,0.0443841889500618,0.0591749846935272,0.0638400167226791,0.124417528510094,0.265241265296936,23.0499992370605,2024-06-13,"20240613_lens_Ortho.tif"
"75","Pine1",0.0189372937296744,0.0372431762530992,0.0218208433941083,0.0825894801888164,0.198194606801848,26.0721039580586,0.0184022318571806,0.0367890074849129,0.0211524162441492,0.0831968933343887,0.201060950756073,26.1499977111816,0.0057322225212591,0.0101647797057473,0.00743239212347961,0.0212795401941818,0.0448654710545379,0.269770310269513,0.00583886681124568,0.0117836706340313,0.00533792423084378,0.020265381783247,0.0560022704303265,25.3700008392334,0.0391340851783752,0.0656590163707733,0.066647581756115,0.147129833698273,0.318384528160095,26.6000003814697,2024-06-24,"20240624_lens_Ortho.tif"
"76","Pine2",0.0139634782511744,0.0329660760645854,0.0166635537393385,0.0817545673145134,0.206546302868416,25.47351594721,0.013670758344233,0.0339400097727776,0.0161246508359909,0.0818815641105175,0.202344551682472,25.1800003051758,0.00485813152109173,0.00868260269723137,0.00627562436644145,0.0215617549053607,0.0543566549768266,1.03875782454346,0.00177099218126386,0.00405281502753496,0.00248698401264846,0.0137668382376432,0.0403167754411697,24.3500099182129,0.0419361181557178,0.0664055049419403,0.0841042399406433,0.139539822936058,0.351260364055634,32.2400016784668,2024-06-24,"20240624_lens_Ortho.tif"
"77","Pine1",0.0205293550795308,0.0391160602504994,0.0226865728128117,0.0851087493326008,0.19780176510847,25.3131183296971,0.020862921141088,0.0396263543516397,0.022618186660111,0.0861272253096104,0.20118061453104,25.3099994659424,0.00490861084008079,0.00932395079341395,0.00657516610885629,0.0224797467042528,0.0544604335855163,0.170776597016098,0.00494935782626271,0.0100917853415012,0.00513023277744651,0.0210520569235086,0.0569204390048981,24.540002822876,0.037246685475111,0.0627127587795258,0.0527872890233994,0.142377659678459,0.319448739290237,25.7199993133545,2024-07-04,"20240704_lens_Ortho.tif"
"78","Pine2",0.0154325965439496,0.0322721778628502,0.0171193543404592,0.0765361392772072,0.195480142891398,25.3184975934,0.0157283190637827,0.0332060698419809,0.0171785289421678,0.0796025134623051,0.201755195856094,25.2900009155273,0.00412585312055266,0.00821064347962348,0.0052901787734437,0.0200716305433136,0.0465547431840086,0.30440882542977,0.00328922481276095,0.00501877535134554,0.00202376744709909,0.0130024692043662,0.0573104433715343,24.4700012207031,0.0281897597014904,0.0525915622711182,0.043414831161499,0.124005809426308,0.308195739984512,26.4599933624268,2024-07-04,"20240704_lens_Ortho.tif"
"79","Pine1",0.0155618459811906,0.0305991609881138,0.0159722536985601,0.0689348465581454,0.182846625256174,26.8325957668516,0.0157018220052123,0.0310939699411392,0.0158817190676928,0.0701301097869873,0.185149326920509,26.8199996948242,0.00483087266126357,0.00847910464411995,0.00586376152310763,0.0235440667277785,0.0616086586467111,0.116740889496348,0.00482835154980421,0.0114422701299191,0.00364950462244451,0.0186356604099274,0.0549523048102856,26.5499992370605,0.0324038006365299,0.0548136010766029,0.0501571781933308,0.136057376861572,0.332768976688385,27.2199993133545,2024-07-11,"20240711_lens_Ortho.tif"
"80","Pine2",0.0172993101938903,0.0365786292336204,0.0189980292022174,0.0865386855615166,0.239443746778958,27.4245107791124,0.0170258842408657,0.0362510606646538,0.0179521702229977,0.0872940942645073,0.242690116167068,27.4699993133545,0.00404474704177784,0.00637913431545578,0.00605236844060624,0.0155453242642507,0.0378772673858687,0.259143960697447,0.00627681985497475,0.0184631869196892,0.00713479053229094,0.0379468165338039,0.0853768140077591,26.9699993133545,0.0417479984462261,0.0706282556056976,0.077049195766449,0.138946026563644,0.341752141714096,28.8099803924561,2024-07-11,"20240711_lens_Ortho.tif"
"81","Pine1",0.0108567051672273,0.0209596776623752,0.013213385275772,0.0457048695110199,0.116830253421314,30.7369839429098,0.0106274173595011,0.020520037971437,0.012634162325412,0.044975271448493,0.10931721329689,30.6900005340576,0.00526413952755063,0.00904701670016284,0.00763773110597361,0.0210018761604289,0.0527828658552228,0.751116404465493,0.0015951581299305,0.00418040715157986,0.00159843661822379,0.0063130296766758,0.0197993963956833,28.7100124359131,0.0274536535143852,0.0489041544497013,0.0558547005057335,0.113582171499729,0.273179948329926,32.6899604797363,2024-07-19,"20240719_lens_Ortho.tif"
"82","Pine2",0.0214105269702999,0.0419657694986269,0.022176202949441,0.0918420407121094,0.235254363292971,30.5186025381088,0.0229132380336523,0.0454600509256124,0.0241163121536374,0.0997782275080681,0.257026836276054,30.4300003051758,0.00764233053240088,0.0143569213821355,0.00795682772310994,0.0332478600623797,0.0812751382857943,0.285369146398927,0.00303522869944572,0.00762844597920775,0.00246327416971326,0.0121159143745899,0.0327000468969345,29.9799995422363,0.0410827919840813,0.0811045169830322,0.0411883778870106,0.162146329879761,0.38895371556282,31.4899940490723,2024-07-19,"20240719_lens_Ortho.tif"
"83","Pine1",0.00849430162923133,0.0168919553949558,0.00919030335460454,0.0371716783358316,0.104925316057109,28.2530790836203,0.00658121053129435,0.0132610239088535,0.00756883341819048,0.0286113740876317,0.0838444977998734,28.2900009155273,0.00526566950557159,0.00986238467138506,0.00561252606024997,0.0229052195267764,0.0593859173666586,0.334767640289034,0.00126433349214494,0.00363979185931385,0.00126523803919554,0.00630534859374166,0.0221620798110962,27.4699993133545,0.0285752285271883,0.0521048754453659,0.0326834470033646,0.11644221842289,0.288533508777618,29.1100006103516,2024-07-26,"20240726_lens_Ortho.tif"
"84","Pine2",0.0203685978720782,0.0406961937106862,0.0213699451796198,0.0894068451200753,0.239314155855343,28.8071914994971,0.022640734910965,0.0457824468612671,0.0232807938009501,0.100666992366314,0.266862750053406,28.8099994659424,0.00832801411947827,0.016221713660244,0.00895900153908312,0.0379392129801649,0.0943586944210571,0.33833259902652,0.00278350757434964,0.00698020961135626,0.00290424190461636,0.0104290852323174,0.0344239138066769,28.0000019073486,0.0360982604324818,0.0709308087825775,0.0515671446919441,0.155515357851982,0.395921856164932,29.9799919128418,2024-07-26,"20240726_lens_Ortho.tif"
"85","Pine1",0.0116634057866289,0.0216815256775026,0.0155713836995945,0.0479319522373619,0.120913474485278,33.3495516524776,0.0106583945453167,0.0201400155201554,0.013680612668395,0.0448322892189026,0.110324386507273,33.2099990844727,0.00514183916308745,0.00806918752388634,0.0085566164887503,0.0178326438989867,0.0477775622229247,0.863148673851054,0.00231238477863371,0.00572687573730946,0.00268845469690859,0.0132049629464746,0.0366500280797482,32.0400009155273,0.042756374925375,0.054438766092062,0.0821592286229134,0.10279493778944,0.271748453378677,35.7700004577637,2024-08-06,"20240806_lens_Ortho.tif"
"86","Pine2",0.0210774226799137,0.0418922189282219,0.0224324767617448,0.091358988888858,0.24060994224329,33.4979922047184,0.022621407173574,0.0453011356294155,0.0238400381058455,0.100923072546721,0.265692681074142,33.2000007629395,0.00792149647465396,0.0152126533640571,0.00888654567575949,0.0337724552501006,0.0845393024820564,0.819588147625966,0.00227607460692525,0.00623985007405281,0.00274937669746578,0.0098510505631566,0.0330469124019146,32.1199989318848,0.0432625077664852,0.0789564698934555,0.0879941061139107,0.156267672777176,0.383961409330368,36.4199981689453,2024-08-06,"20240806_lens_Ortho.tif"
"87","Pine1",0.0107518611312224,0.0214018963133371,0.0138662117440391,0.0478043850946664,0.116484919961366,32.3799881590894,0.00991161307319999,0.0203125141561031,0.0111771994270384,0.0459757223725319,0.116019241511822,32.3199996948242,0.00674901903998746,0.0124649962016662,0.00979370408810105,0.0283834848632385,0.0627759714880523,0.35411654802068,0.00142665137536824,0.00367593532428145,0.00163045804947615,0.00649489881470799,0.0180344879627228,31.7700004577637,0.0329406671226025,0.0561239272356033,0.0540141388773918,0.123834863305092,0.256753891706467,35.2799911499023,2024-08-13,"20240813_lens_Ortho.tif"
"88","Pine2",0.0168292147559175,0.0326832580926612,0.0184915617526369,0.0729268653303821,0.1871195245799,33.3437843385421,0.0179295064881444,0.0350993908941746,0.0196042787283659,0.0782554633915424,0.202366761863232,33.4300003051758,0.007287252867392,0.0133541194394791,0.0087809993928675,0.0310247214443708,0.0761164060068272,0.810702241973356,0.00218426925130188,0.00371063663624227,0.00177814543712884,0.00924509577453136,0.0312237329781055,30.7800159454346,0.0390844605863094,0.0617335066199303,0.0544957593083382,0.134921237826347,0.339157074689865,35.1999931335449,2024-08-13,"20240813_lens_Ortho.tif"
"89","Pine1",0.010401500401878,0.0212336476034825,0.0132519226045983,0.0471303296686401,0.118608435685081,26.8614189359877,0.00950713595375419,0.0201483331620693,0.0113114733248949,0.0441365279257298,0.113802850246429,26.9500007629395,0.00632167385239117,0.0114380242661836,0.0087851465723395,0.0262339078659956,0.0608988870767647,0.413815136302445,0.00165128230582923,0.00452400650829077,0.00197283201850951,0.00852005742490292,0.0243390649557114,26.1200008392334,0.0372464247047901,0.056198064237833,0.0536649264395237,0.117767341434956,0.279217392206192,27.6799983978271,2024-08-20,"20240820_lens_Ortho.tif"
"90","Pine2",0.0212317554656273,0.0432703852626638,0.0237706624004297,0.0939727127784863,0.238434646306082,27.1658941562359,0.0220804382115602,0.0459742024540901,0.0244239512830973,0.101749502122402,0.256569251418114,27.1000003814697,0.00704370913918789,0.0136496083670531,0.0086825341841172,0.0312157492914564,0.0761351659281837,0.327492934723969,0.00409713527187705,0.00870563741773367,0.00349181797355413,0.0136391967535019,0.0347347669303417,26.6700000762939,0.0489425137639046,0.0857400819659233,0.0869597569108009,0.154801189899445,0.399839639663696,29.0499954223633,2024-08-20,"20240820_lens_Ortho.tif"
"91","Pine1",0.0126499026372396,0.0236870352389678,0.0176639318701383,0.0509099276998609,0.124003147694494,31.286487543358,0.0110252136364579,0.0204987954348326,0.0155957797542214,0.0436036996543407,0.10681015253067,31.0300006866455,0.00658029479447575,0.0115050213305992,0.00983466458182097,0.0257430035700967,0.059425175690624,0.605767966989308,0.00237380294129252,0.00632493477314711,0.00270176283083856,0.0126894880086184,0.028132377192378,30.2399997711182,0.0366851352155209,0.0568962618708611,0.0641893073916435,0.124678730964661,0.283105701208115,32.9599838256836,2024-08-28,"20240828_lens_Ortho.tif"
"92","Pine2",0.0166333801096518,0.032903534902806,0.0181267205362899,0.0715751671944406,0.188763658341416,30.0561886973136,0.0178507193922997,0.0351962633430958,0.0194496819749475,0.0756584778428078,0.193572677671909,29.8899993896484,0.00807599846360288,0.0153702692694148,0.0101583956773319,0.0356880035571426,0.0862098126733027,0.765197817279599,0.00284287775866687,0.00559252453967929,0.0020746614318341,0.0103381145745516,0.040681216865778,29.0100002288818,0.0424209944903851,0.066779226064682,0.0659002587199211,0.143788412213326,0.368203282356262,32.069995880127,2024-08-28,"20240828_lens_Ortho.tif"
"93","Pine1",0.0161812793507555,0.0307029170700564,0.0200387748193889,0.0658049591073006,0.162932519281845,25.1871361066604,0.0168135520070791,0.0321355629712343,0.0196450632065535,0.0684114769101143,0.168149851262569,25.1800003051758,0.00660232961366923,0.0124622503913111,0.00709141187525883,0.0284392414158232,0.0725566937298532,0.124828881783541,0.00452956464141607,0.0100215990096331,0.00676155649125576,0.0171894785016775,0.0424361191689968,24.8799991607666,0.0393579043447971,0.0765381529927254,0.0471488013863564,0.17190346121788,0.396892517805099,25.6499996185303,2024-09-03,"20240903_lens_Ortho.tif"
"94","Pine2",0.0175842702573671,0.0357888488502722,0.0198903447902028,0.0784082198639937,0.215172818802528,24.5513023568705,0.0174114815890789,0.0358797460794449,0.0196557799354196,0.0793355666100979,0.222824469208717,24.4400005340576,0.00362307809939692,0.00837919784974949,0.00362884469696833,0.0211066056582041,0.0630129832309504,0.32381976721375,0.0072373291477561,0.0139257842674851,0.00861866120249033,0.0231309998780489,0.0532364472746849,24.1000003814697,0.0290834289044142,0.0576206296682358,0.0548953041434288,0.152537688612938,0.371882677078247,25.6499862670898,2024-09-03,"20240903_lens_Ortho.tif"
"95","Pine1",0.0168926616789293,0.0342453093808791,0.0202570385177413,0.0750974553034586,0.188856565149931,15.5973001370782,0.0167142059653997,0.0343085639178753,0.0186447650194168,0.0749866515398026,0.189367473125458,15.5900001525879,0.00770888016773402,0.0133759775064021,0.00934306921704072,0.0304552381121565,0.074605754781844,0.0943924179069116,0.00412698648869991,0.0106150731444359,0.00592353707179427,0.0192822944372892,0.0515028312802315,15.4099998474121,0.0479471795260906,0.0902681946754456,0.0626093521714211,0.187750995159149,0.467640787363052,16.3899936676025,2024-09-13,"20240913_lens_Ortho.tif"
"96","Pine2",0.0213734409274943,0.0442914874423981,0.0238502502612518,0.0986280555577884,0.258038470251362,15.3422115481088,0.021173644810915,0.044911190867424,0.0236740410327911,0.100567489862442,0.266505479812622,15.289999961853,0.00465229171774539,0.0101446943607255,0.00497389899035739,0.0262777357800059,0.0722608717231469,0.188640147948956,0.00867278780788183,0.016538729891181,0.0105540184304118,0.0294611230492592,0.06355020403862,15.1400003433228,0.0377297922968864,0.0724785849452019,0.0566054284572601,0.187459692358971,0.464594811201096,16.3199882507324,2024-09-13,"20240913_lens_Ortho.tif"
"97","Pine1",0.0133988793438559,0.0276237677060861,0.0160175259112099,0.0632341756614906,0.169540031536444,24.4428639507858,0.0105932354927063,0.0230599651113153,0.0116475974209607,0.0527247991412878,0.151773609220982,24.3899993896484,0.0096907681452291,0.01742077722415,0.0128821891048285,0.0411177405984253,0.0913308754201888,0.2764939789184,0.00183595414273441,0.00619044015184045,0.00279391836374998,0.0101758819073439,0.0345370844006538,24.0900001525879,0.0543810352683067,0.0879963785409927,0.08109962195158,0.205604717135429,0.489498168230057,27.2599830627441,2024-09-20,"20240920_lens_Ortho.tif"
"98","Pine2",0.0173393657697341,0.0344944633259345,0.0196814603962764,0.0799910221248865,0.208539144958765,24.5218397185668,0.0169955808669329,0.0341068487614393,0.0178850144147873,0.0771387666463852,0.199039712548256,24.4300003051758,0.00898211445286926,0.0164725168619858,0.0122086103485637,0.0408815378091129,0.0914213828320387,0.556220589868299,0.00407394813373685,0.00732459546998143,0.00409985613077879,0.0167714599519968,0.0443075299263,23.6000003814697,0.0484010390937328,0.0807959660887718,0.0687336251139641,0.194173321127892,0.523936629295349,26.2599983215332,2024-09-20,"20240920_lens_Ortho.tif"
"99","Pine1",0.00869736802854908,0.0170455497677705,0.0112729148160527,0.0374717240605981,0.100522279321235,28.3488290575525,0.00623909803107381,0.0131458239629865,0.00813449267297983,0.0298081636428833,0.0893121883273125,28.3799991607666,0.006486073137097,0.0111415383907579,0.00901030422068946,0.0241219397743053,0.0554999914265292,0.312776875648223,0.00142602412961423,0.0027984525077045,0.00160205911379308,0.00618375604972243,0.0188081134110689,27.5400009155273,0.0407973416149616,0.0595535077154636,0.0612429901957512,0.128194615244865,0.314359545707703,30.2899913787842,2024-09-30,"20240930_lens_Ortho.tif"
"100","Pine2",0.0111420466632036,0.0224927813790996,0.0132386142156761,0.0508548132677017,0.134060833944843,28.7350930911097,0.010694146156311,0.0223901188001037,0.0119472783990204,0.0497197974473238,0.127060428261757,28.5599994659424,0.00593819782212774,0.0108550379789169,0.00843528933791715,0.0254059639060952,0.0592489136599186,0.702659151103591,0.00193493370898068,0.00481907417997718,0.00194464705418795,0.00925022643059492,0.021104970946908,27.8500003814697,0.0286188367754221,0.0479457378387451,0.0484026297926903,0.110794238746166,0.319281488656998,31.1700000762939,2024-09-30,"20240930_lens_Ortho.tif"
